Workbook

Sheet Run Log
A1: UO2 Primary Knock-On Atom (PKA) Radiation-Damage Run Log
A2: Enter one row after each Atomify run. Blue text = input; green text = copied from Atomify output.
A4: Run # | B4: PKA species | C4: Direction | D4: Energy (eV) | E4: Temperature (K) | F4: Residual displaced atoms | G4: Final MSD (A^2) | H4: Max displacement (A)
A5: =IF(D5="","",ROW()-4) -> 1 | B5: O | C5: 110 | D5: 100 | E5: 300 | F5: 5 | G5: 0.1095 | H5: 4.7787
A11: =IF(D11="","",ROW()-4)
A12: =IF(D12="","",ROW()-4)
A13: =IF(D13="","",ROW()-4)
A14: =IF(D14="","",ROW()-4)
A15: =IF(D15="","",ROW()-4)
A16: =IF(D16="","",ROW()-4)
A17: =IF(D17="","",ROW()-4)
A18: =IF(D18="","",ROW()-4)
A19: =IF(D19="","",ROW()-4)
A20: =IF(D20="","",ROW()-4)
A21: =IF(D21="","",ROW()-4)
A22: =IF(D22="","",ROW()-4)
... A104: =IF(D104="","",ROW()-4)

Sheet Dashboard
A1: PKA Radiation-Damage Dashboard
A3: Controls | D3: Threshold estimate
A4: PKA species | B4: O | D4: Highest undamaged energy (eV) | E4: =IFERROR(_xlfn.AGGREGATE(14,6,'Run Log'!$D$5:$D$104/(('Run Log'!$B$5:$B$104=$B$4)*('Run Log'!$C$5:$C$104=$B$5)*('Run Log'!$F$5:$F$104=0)),1),"")
A5: Direction | B5: 110 | D5: Lowest damaged energy (eV) | E5: =IFERROR(_xlfn.AGGREGATE(15,6,'Run Log'!$D$5:$D$104/(('Run Log'!$B$5:$B$104=$B$4)*('Run Log'!$C$5:$C$104=$B$5)*('Run Log'!$F$5:$F$104>0)),1),"") -> 100
D6: Apparent threshold bracket | E6: =IF(OR(E4="",E5=""),"Add runs that bracket the transition",IF(E4<E5,TEXT(E4,"0.0")&" < E_d <= "&TEXT(E5,"0.0")&" eV","Run set does not cleanly bracket a threshold")) -> Add runs that bracket the transition
A8: Plot data (selected species and direction)
A9: Energy (eV) | B9: Residual displaced | C9: Final MSD (A^2) | D9: Max displacement (A)
A10: =IF(AND('Run Log'!B5=$B$4,'Run Log'!C5=$B$5,'Run Log'!D5<>""),'Run Log'!D5,NA()) -> 100 | B10: =IF(AND('Run Log'!B5=$B$4,'Run Log'!C5=$B$5,'Run Log'!D5<>""),'Run Log'!F5,NA()) -> 5 | C10: =IF(AND('Run Log'!B5=$B$4,'Run Log'!C5=$B$5,'Run Log'!D5<>""),'Run Log'!G5,NA()) -> 0.1095 | D10: =IF(AND('Run Log'!B5=$B$4,'Run Log'!C5=$B$5,'Run Log'!D5<>""),'Run Log'!H5,NA()) -> 4.7787
A11: =IF(AND('Run Log'!B9=$B$4,'Run Log'!C9=$B$5,'Run Log'!D9<>""),'Run Log'!D9,NA()) -> #N/A | B11: =IF(AND('Run Log'!B9=$B$4,'Run Log'!C9=$B$5,'Run Log'!D9<>""),'Run Log'!F9,NA()) -> #N/A | C11: =IF(AND('Run Log'!B9=$B$4,'Run Log'!C9=$B$5,'Run Log'!D9<>""),'Run Log'!G9,NA()) -> #N/A | D11: =IF(AND('Run Log'!B9=$B$4,'Run Log'!C9=$B$5,'Run Log'!D9<>""),'Run Log'!H9,NA()) -> #N/A
A12: =IF(AND('Run Log'!B10=$B$4,'Run Log'!C10=$B$5,'Run Log'!D10<>""),'Run Log'!D10,NA()) -> #N/A | B12: =IF(AND('Run Log'!B10=$B$4,'Run Log'!C10=$B$5,'Run Log'!D10<>""),'Run Log'!F10,NA()) -> #N/A | C12: =IF(AND('Run Log'!B10=$B$4,'Run Log'!C10=$B$5,'Run Log'!D10<>""),'Run Log'!G10,NA()) -> #N/A | D12: =IF(AND('Run Log'!B10=$B$4,'Run Log'!C10=$B$5,'Run Log'!D10<>""),'Run Log'!H10,NA()) -> #N/A
A13: =IF(AND('Run Log'!B8=$B$4,'Run Log'!C8=$B$5,'Run Log'!D8<>""),'Run Log'!D8,NA()) -> #N/A | B13: =IF(AND('Run Log'!B8=$B$4,'Run Log'!C8=$B$5,'Run Log'!D8<>""),'Run Log'!F8,NA()) -> #N/A | C13: =IF(AND('Run Log'!B8=$B$4,'Run Log'!C8=$B$5,'Run Log'!D8<>""),'Run Log'!G8,NA()) -> #N/A | D13: =IF(AND('Run Log'!B8=$B$4,'Run Log'!C8=$B$5,'Run Log'!D8<>""),'Run Log'!H8,NA()) -> #N/A
A14: =IF(AND('Run Log'!B7=$B$4,'Run Log'!C7=$B$5,'Run Log'!D7<>""),'Run Log'!D7,NA()) -> #N/A | B14: =IF(AND('Run Log'!B7=$B$4,'Run Log'!C7=$B$5,'Run Log'!D7<>""),'Run Log'!F7,NA()) -> #N/A | C14: =IF(AND('Run Log'!B7=$B$4,'Run Log'!C7=$B$5,'Run Log'!D7<>""),'Run Log'!G7,NA()) -> #N/A | D14: =IF(AND('Run Log'!B7=$B$4,'Run Log'!C7=$B$5,'Run Log'!D7<>""),'Run Log'!H7,NA()) -> #N/A
A15: =IF(AND('Run Log'!B6=$B$4,'Run Log'!C6=$B$5,'Run Log'!D6<>""),'Run Log'!D6,NA()) -> #N/A | B15: =IF(AND('Run Log'!B6=$B$4,'Run Log'!C6=$B$5,'Run Log'!D6<>""),'Run Log'!F6,NA()) -> #N/A | C15: =IF(AND('Run Log'!B6=$B$4,'Run Log'!C6=$B$5,'Run Log'!D6<>""),'Run Log'!G6,NA()) -> #N/A | D15: =IF(AND('Run Log'!B6=$B$4,'Run Log'!C6=$B$5,'Run Log'!D6<>""),'Run Log'!H6,NA()) -> #N/A
A16: =IF(AND('Run Log'!B11=$B$4,'Run Log'!C11=$B$5,'Run Log'!D11<>""),'Run Log'!D11,NA()) -> #N/A | B16: =IF(AND('Run Log'!B11=$B$4,'Run Log'!C11=$B$5,'Run Log'!D11<>""),'Run Log'!F11,NA()) -> #N/A | C16: =IF(AND('Run Log'!B11=$B$4,'Run Log'!C11=$B$5,'Run Log'!D11<>""),'Run Log'!G11,NA()) -> #N/A | D16: =IF(AND('Run Log'!B11=$B$4,'Run Log'!C11=$B$5,'Run Log'!D11<>""),'Run Log'!H11,NA()) -> #N/A
A17: =IF(AND('Run Log'!B12=$B$4,'Run Log'!C12=$B$5,'Run Log'!D12<>""),'Run Log'!D12,NA()) -> #N/A | B17: =IF(AND('Run Log'!B12=$B$4,'Run Log'!C12=$B$5,'Run Log'!D12<>""),'Run Log'!F12,NA()) -> #N/A | C17: =IF(AND('Run Log'!B12=$B$4,'Run Log'!C12=$B$5,'Run Log'!D12<>""),'Run Log'!G12,NA()) -> #N/A | D17: =IF(AND('Run Log'!B12=$B$4,'Run Log'!C12=$B$5,'Run Log'!D12<>""),'Run Log'!H12,NA()) -> #N/A
A18: =IF(AND('Run Log'!B13=$B$4,'Run Log'!C13=$B$5,'Run Log'!D13<>""),'Run Log'!D13,NA()) -> #N/A | B18: =IF(AND('Run Log'!B13=$B$4,'Run Log'!C13=$B$5,'Run Log'!D13<>""),'Run Log'!F13,NA()) -> #N/A | C18: =IF(AND('Run Log'!B13=$B$4,'Run Log'!C13=$B$5,'Run Log'!D13<>""),'Run Log'!G13,NA()) -> #N/A | D18: =IF(AND('Run Log'!B13=$B$4,'Run Log'!C13=$B$5,'Run Log'!D13<>""),'Run Log'!H13,NA()) -> #N/A
A19: =IF(AND('Run Log'!B14=$B$4,'Run Log'!C14=$B$5,'Run Log'!D14<>""),'Run Log'!D14,NA()) -> #N/A | B19: =IF(AND('Run Log'!B14=$B$4,'Run Log'!C14=$B$5,'Run Log'!D14<>""),'Run Log'!F14,NA()) -> #N/A | C19: =IF(AND('Run Log'!B14=$B$4,'Run Log'!C14=$B$5,'Run Log'!D14<>""),'Run Log'!G14,NA()) -> #N/A | D19: =IF(AND('Run Log'!B14=$B$4,'Run Log'!C14=$B$5,'Run Log'!D14<>""),'Run Log'!H14,NA()) -> #N/A
A20: =IF(AND('Run Log'!B15=$B$4,'Run Log'!C15=$B$5,'Run Log'!D15<>""),'Run Log'!D15,NA()) -> #N/A | B20: =IF(AND('Run Log'!B15=$B$4,'Run Log'!C15=$B$5,'Run Log'!D15<>""),'Run Log'!F15,NA()) -> #N/A | C20: =IF(AND('Run Log'!B15=$B$4,'Run Log'!C15=$B$5,'Run Log'!D15<>""),'Run Log'!G15,NA()) -> #N/A | D20: =IF(AND('Run Log'!B15=$B$4,'Run Log'!C15=$B$5,'Run Log'!D15<>""),'Run Log'!H15,NA()) -> #N/A
A21: =IF(AND('Run Log'!B16=$B$4,'Run Log'!C16=$B$5,'Run Log'!D16<>""),'Run Log'!D16,NA()) -> #N/A | B21: =IF(AND('Run Log'!B16=$B$4,'Run Log'!C16=$B$5,'Run Log'!D16<>""),'Run Log'!F16,NA()) -> #N/A | C21: =IF(AND('Run Log'!B16=$B$4,'Run Log'!C16=$B$5,'Run Log'!D16<>""),'Run Log'!G16,NA()) -> #N/A | D21: =IF(AND('Run Log'!B16=$B$4,'Run Log'!C16=$B$5,'Run Log'!D16<>""),'Run Log'!H16,NA()) -> #N/A
A22: =IF(AND('Run Log'!B17=$B$4,'Run Log'!C17=$B$5,'Run Log'!D17<>""),'Run Log'!D17,NA()) -> #N/A | B22: =IF(AND('Run Log'!B17=$B$4,'Run Log'!C17=$B$5,'Run Log'!D17<>""),'Run Log'!F17,NA()) -> #N/A | C22: =IF(AND('Run Log'!B17=$B$4,'Run Log'!C17=$B$5,'Run Log'!D17<>""),'Run Log'!G17,NA()) -> #N/A | D22: =IF(AND('Run Log'!B17=$B$4,'Run Log'!C17=$B$5,'Run Log'!D17<>""),'Run Log'!H17,NA()) -> #N/A
A23: =IF(AND('Run Log'!B18=$B$4,'Run Log'!C18=$B$5,'Run Log'!D18<>""),'Run Log'!D18,NA()) -> #N/A | B23: =IF(AND('Run Log'!B18=$B$4,'Run Log'!C18=$B$5,'Run Log'!D18<>""),'Run Log'!F18,NA()) -> #N/A | C23: =IF(AND('Run Log'!B18=$B$4,'Run Log'!C18=$B$5,'Run Log'!D18<>""),'Run Log'!G18,NA()) -> #N/A | D23: =IF(AND('Run Log'!B18=$B$4,'Run Log'!C18=$B$5,'Run Log'!D18<>""),'Run Log'!H18,NA()) -> #N/A
A24: =IF(AND('Run Log'!B19=$B$4,'Run Log'!C19=$B$5,'Run Log'!D19<>""),'Run Log'!D19,NA()) -> #N/A | B24: =IF(AND('Run Log'!B19=$B$4,'Run Log'!C19=$B$5,'Run Log'!D19<>""),'Run Log'!F19,NA()) -> #N/A | C24: =IF(AND('Run Log'!B19=$B$4,'Run Log'!C19=$B$5,'Run Log'!D19<>""),'Run Log'!G19,NA()) -> #N/A | D24: =IF(AND('Run Log'!B19=$B$4,'Run Log'!C19=$B$5,'Run Log'!D19<>""),'Run Log'!H19,NA()) -> #N/A
A25: =IF(AND('Run Log'!B20=$B$4,'Run Log'!C20=$B$5,'Run Log'!D20<>""),'Run Log'!D20,NA()) -> #N/A | B25: =IF(AND('Run Log'!B20=$B$4,'Run Log'!C20=$B$5,'Run Log'!D20<>""),'Run Log'!F20,NA()) -> #N/A | C25: =IF(AND('Run Log'!B20=$B$4,'Run Log'!C20=$B$5,'Run Log'!D20<>""),'Run Log'!G20,NA()) -> #N/A | D25: =IF(AND('Run Log'!B20=$B$4,'Run Log'!C20=$B$5,'Run Log'!D20<>""),'Run Log'!H20,NA()) -> #N/A
A26: =IF(AND('Run Log'!B21=$B$4,'Run Log'!C21=$B$5,'Run Log'!D21<>""),'Run Log'!D21,NA()) -> #N/A | B26: =IF(AND('Run Log'!B21=$B$4,'Run Log'!C21=$B$5,'Run Log'!D21<>""),'Run Log'!F21,NA()) -> #N/A | C26: =IF(AND('Run Log'!B21=$B$4,'Run Log'!C21=$B$5,'Run Log'!D21<>""),'Run Log'!G21,NA()) -> #N/A | D26: =IF(AND('Run Log'!B21=$B$4,'Run Log'!C21=$B$5,'Run Log'!D21<>""),'Run Log'!H21,NA()) -> #N/A
A27: =IF(AND('Run Log'!B22=$B$4,'Run Log'!C22=$B$5,'Run Log'!D22<>""),'Run Log'!D22,NA()) -> #N/A | B27: =IF(AND('Run Log'!B22=$B$4,'Run Log'!C22=$B$5,'Run Log'!D22<>""),'Run Log'!F22,NA()) -> #N/A | C27: =IF(AND('Run Log'!B22=$B$4,'Run Log'!C22=$B$5,'Run Log'!D22<>""),'Run Log'!G22,NA()) -> #N/A | D27: =IF(AND('Run Log'!B22=$B$4,'Run Log'!C22=$B$5,'Run Log'!D22<>""),'Run Log'!H22,NA()) -> #N/A
... A109: =IF(AND('Run Log'!B104=$B$4,'Run Log'!C104=$B$5,'Run Log'!D104<>""),'Run Log'!D104,NA()) -> #N/A | B109: =IF(AND('Run Log'!B104=$B$4,'Run Log'!C104=$B$5,'Run Log'!D104<>""),'Run Log'!F104,NA()) -> #N/A | C109: =IF(AND('Run Log'!B104=$B$4,'Run Log'!C104=$B$5,'Run Log'!D104<>""),'Run Log'!G104,NA()) -> #N/A | D109: =IF(AND('Run Log'!B104=$B$4,'Run Log'!C104=$B$5,'Run Log'!D104<>""),'Run Log'!H104,NA()) -> #N/A

Sheet Instructions
A1: Guide: PKA Radiation-Damage Energy Sweep
B3: Goal | C3: Estimate how an oxygen or uranium primary knock-on atom (PKA) perturbs UO2 and bracket an apparent threshold displacement energy for a chosen crystallographic direction.
B5: 1. Run Atomify | C5: Choose a PKA species, direction, and energy. Keep the other settings fixed while performing an energy sweep.
B7: 2. Record the result | C7: After the simulation finishes, copy the values from the RESULT line into the Run Log sheet. At minimum enter Energy, Residual displaced atoms, Final MSD, and Max displacement.
B9: 3. Repeat | C9: Suggested first sweep: 50, 75, 100, 125, and 150 eV. If the transition occurs between two energies, add intermediate energies to narrow the bracket.
B11: 4. View Dashboard | C11: Choose the PKA species and direction on the Dashboard. The plots update from the Run Log and the threshold bracket is estimated automatically.
B13: Interpretation | C13: Residual displaced atoms = 0 means no atoms remain beyond the chosen displacement cutoff at the end of the trajectory. A nonzero value indicates persistent displacement by this teaching metric.
B15: Important limitation | C15: This workbook reports an apparent threshold for this finite cell, potential, temperature, trajectory length, direction, and displacement criterion. It is not a definitive experimental threshold displacement energy.
B17: Example Atomify output | C17: RESULT: EPKA=150 residual_displaced=4 final_MSD_A2=0.090578... max_displacement_A=4.117...

Sheet Tasks
